{
  "products": [
    {
      "id": "1",
      "name": "TCL Google TV 58P635",
      "image": "tivi1.jpeg",
      "price": "10490000",
      "sale": "9990000",
      "category": "Tivi",
      "hotdeal": 1,
      "star": 5,
      "description": "Sở hữu thiết kế sang trọng, màn hình siêu mỏng kích thước 58 inch, độ phân giải 4K sắc nét, công nghệ HDR10 tối ưu độ sáng, độ tương phản cho trải nghiệm xem phim tuyệt vời. Tích hợp hệ điều hành Google TV với giao diện trực quan, dễ sử dụng cùng kho ứng dụng giải trí đa dạng, phong phú. "
    },
    {
      "id": "2",
      "name": "LG Smart TV 55UQ8000PSC",
      "category": "Tivi",
      "price": 12990000,
      "sale": 11990000,
      "image": "tivi2.jpeg",
      "hotdeal": 0,
      "star": 3.5,
      "description": "Sở hữu thiết kế sang trọng, màn hình siêu mỏng kích thước 58 inch, độ phân giải 4K sắc nét, công nghệ HDR10 tối ưu độ sáng, độ tương phản cho trải nghiệm xem phim tuyệt vời. Tích hợp hệ điều hành Google TV với giao diện trực quan, dễ sử dụng cùng kho ứng dụng giải trí đa dạng, phong phú. "
    },
    {
      "id": "3",
      "name": "Casper Android TV 32HG5200",
      "category": "Tivi",
      "price": 6990000,
      "sale": 5990000,
      "image": "tivi3.jpeg",
      "hotdeal": 1,
      "star": 3,
      "description": "Sở hữu thiết kế sang trọng, màn hình siêu mỏng kích thước 58 inch, độ phân giải 4K sắc nét, công nghệ HDR10 tối ưu độ sáng, độ tương phản cho trải nghiệm xem phim tuyệt vời. Tích hợp hệ điều hành Google TV với giao diện trực quan, dễ sử dụng cùng kho ứng dụng giải trí đa dạng, phong phú. "
    },
    {
      "id": "4",
      "name": "Samsung Smart TV UA43AU7002",
      "category": "Tivi",
      "price": 15990000,
      "sale": 13990000,
      "image": "tivi4.jpeg",
      "hotdeal": 0,
      "star": 4.5,
      "description": "Sở hữu thiết kế sang trọng, màn hình siêu mỏng kích thước 58 inch, độ phân giải 4K sắc nét, công nghệ HDR10 tối ưu độ sáng, độ tương phản cho trải nghiệm xem phim tuyệt vời. Tích hợp hệ điều hành Google TV với giao diện trực quan, dễ sử dụng cùng kho ứng dụng giải trí đa dạng, phong phú. "
    },
    {
      "id": "5",
      "name": "Samsung Smart TV Crystal UHD UA65AU8100",
      "image": "tivi5.jpeg",
      "price": "8990000",
      "sale": "6890000",
      "category": "Tivi",
      "hotdeal": 0,
      "star": 5,
      "description": "Sở hữu thiết kế sang trọng, màn hình siêu mỏng kích thước 58 inch, độ phân giải 4K sắc nét, công nghệ HDR10 tối ưu độ sáng, độ tương phản cho trải nghiệm xem phim tuyệt vời. Tích hợp hệ điều hành Google TV với giao diện trực quan, dễ sử dụng cùng kho ứng dụng giải trí đa dạng, phong phú. "
    },
    {
      "id": "6",
      "name": "LG Smart TV NanoCell 65NANO76SQA",
      "category": "Tivi",
      "price": 7990000,
      "sale": 6990000,
      "image": "tivi6.jpeg",
      "hotdeal": 0,
      "star": 3.5,
      "description": "Sở hữu thiết kế sang trọng, màn hình siêu mỏng kích thước 58 inch, độ phân giải 4K sắc nét, công nghệ HDR10 tối ưu độ sáng, độ tương phản cho trải nghiệm xem phim tuyệt vời. Tích hợp hệ điều hành Google TV với giao diện trực quan, dễ sử dụng cùng kho ứng dụng giải trí đa dạng, phong phú. "
    },
    {
      "id": "7",
      "name": "Aqua 130 lít AQR-T150FA(BS)",
      "category": "tủ lạnh",
      "price": 4990000,
      "sale": 3990000,
      "image": "tulanh1.jpeg",
      "hotdeal": 0,
      "star": 5,
      "description": "Thuộc dòng tủ lạnh side by side được trang bị công nghệ Smart Inverter giúp tiết kiệm điện năng. Bên cạnh đó, công nghệ làm lạnh đa chiều mang hơi lạnh lan tỏa khắp các ngăn."
    },
    {
      "id": "8",
      "name": "Aqua Inverter 347 lít AQR-T400FA(WFB) ",
      "category": "tủ lạnh",
      "price": 6590000,
      "sale": 6290000,
      "image": "tulanh2.jpeg",
      "hotdeal": 1,
      "star": 3,
      "description": "Thuộc dòng tủ lạnh side by side được trang bị công nghệ Smart Inverter giúp tiết kiệm điện năng. Bên cạnh đó, công nghệ làm lạnh đa chiều mang hơi lạnh lan tỏa khắp các ngăn."
    },
    {
      "id": "9",
      "name": "Samsung Inverter 382 lít RT38CG6584B1SV ",
      "category": "tủ lạnh",
      "price": 7990000,
      "sale": 6990000,
      "image": "tulanh3.jpeg",
      "hotdeal": 0,
      "star": 5,
      "description": "Thuộc dòng tủ lạnh side by side được trang bị công nghệ Smart Inverter giúp tiết kiệm điện năng. Bên cạnh đó, công nghệ làm lạnh đa chiều mang hơi lạnh lan tỏa khắp các ngăn."
    },
    {
      "id": "10",
      "name": "Samsung Inverter 208 lít RT20HAR8DBU/SV",
      "category": "tủ lạnh",
      "price": 8990000,
      "sale": 5990000,
      "image": "tulanh4.jpeg",
      "hotdeal": 1,
      "star": 4,
      "description": "Thuộc dòng tủ lạnh side by side được trang bị công nghệ Smart Inverter giúp tiết kiệm điện năng. Bên cạnh đó, công nghệ làm lạnh đa chiều mang hơi lạnh lan tỏa khắp các ngăn."
    },
    {
      "id": "11",
      "name": "Aqua Inverter 260 lít AQR-B310MA(FB)",
      "category": "tủ lạnh",
      "price": 7990000,
      "sale": 6990000,
      "image": "tulanh5.jpeg",
      "hotdeal": 1,
      "star": 5,
      "description": "Thuộc dòng tủ lạnh side by side được trang bị công nghệ Smart Inverter giúp tiết kiệm điện năng. Bên cạnh đó, công nghệ làm lạnh đa chiều mang hơi lạnh lan tỏa khắp các ngăn."
    },
    {
      "id": "12",
      "name": "Toshiba Inverter 460 lít GR-RS600WI-PMV(37)-SG",
      "category": "tủ lạnh",
      "price": 10990000,
      "sale": 7990000,
      "image": "tulanh6.jpeg",
      "hotdeal": 0,
      "star": 5,
      "description": "Thuộc dòng tủ lạnh side by side được trang bị công nghệ Smart Inverter giúp tiết kiệm điện năng. Bên cạnh đó, công nghệ làm lạnh đa chiều mang hơi lạnh lan tỏa khắp các ngăn."
    },
    {
      "id": "NaN",
      "name": "TCL Google TV 58P635",
      "image": "tivi.png",
      "price": "12990000",
      "sale": "9990000",
      "category": "Tivi",
      "hotdeal": 0,
      "star": 5,
      "description": "hgjhgkjgghjg"
    }
  ]
}